GROUP,PACKAGE,CLASS,INSTRUCTION_MISSED,INSTRUCTION_COVERED,BRANCH_MISSED,BRANCH_COVERED,LINE_MISSED,LINE_COVERED,COMPLEXITY_MISSED,COMPLEXITY_COVERED,METHOD_MISSED,METHOD_COVERED
ecj,ec.eda.amalgam,AMALGAMDefaults,8,0,0,0,2,0,2,0,2,0
ecj,ec.eda.amalgam,AMALGAMBreeder,98,0,8,0,17,0,7,0,3,0
ecj,ec.eda.amalgam,AMALGAMSpecies,1749,0,152,0,277,0,92,0,16,0
ecj,ec.eda.amalgam,AMALGAMSpecies.new Comparator() {...},12,0,0,0,2,0,2,0,2,0
ecj,ec.es,ESSelection,106,0,8,0,19,0,9,0,5,0
ecj,ec.es,MuCommaLambdaBreeder,1286,0,86,0,145,0,49,0,6,0
ecj,ec.es,MuCommaLambdaBreeder.new Comparator() {...},28,0,4,0,6,0,4,0,2,0
ecj,ec.es,MuLambdaBreederThread,17,0,0,0,3,0,2,0,2,0
ecj,ec.es,MuPlusLambdaBreeder,45,0,4,0,6,0,5,0,3,0
ecj,ec.es,ESDefaults,8,0,0,0,2,0,2,0,2,0
ecj,ec.app.lid.func,LidJ,8,0,0,0,4,0,4,0,4,0
ecj,ec.app.lid.func,LidX,8,0,0,0,4,0,4,0,4,0
ecj,ec.app.experiments.Evaluations,KurtosisEvaluation,124,0,6,0,18,0,11,0,8,0
ecj,ec.app.experiments.Evaluations,SkewEvaluation,124,0,6,0,18,0,11,0,8,0
ecj,ec.app.experiments.Evaluations,MeanGreenMeanBlueEvaluation,40,0,0,0,10,0,5,0,5,0
ecj,ec.app.experiments.Evaluations,WaveletDMEExpEL,55,0,0,0,12,0,5,0,5,0
ecj,ec.app.experiments.Evaluations,MeanRedMeanGreenEvaluation,40,0,0,0,10,0,5,0,5,0
ecj,ec.app.experiments.Evaluations,EvaluationFunctions,1238,0,80,0,162,0,62,0,22,0
ecj,ec.app.experiments.Evaluations,MeanRedMeanGreenMeanBlueEvaluation,168,0,4,0,23,0,8,0,6,0
ecj,ec.app.experiments.Evaluations,MeanRedMeanBlueEvaluation,37,0,0,0,9,0,5,0,5,0
ecj,ec.app.edge.func,Bud,192,0,4,0,35,0,6,0,4,0
ecj,ec.app.edge.func,One,20,0,0,0,7,0,4,0,4,0
ecj,ec.app.edge.func,BLoop,134,0,2,0,24,0,5,0,4,0
ecj,ec.app.edge.func,BStart,34,0,0,0,8,0,4,0,4,0
ecj,ec.app.edge.func,Loop,134,0,2,0,24,0,5,0,4,0
ecj,ec.app.edge.func,Zero,20,0,0,0,7,0,4,0,4,0
ecj,ec.app.edge.func,Epsilon,20,0,0,0,7,0,4,0,4,0
ecj,ec.app.edge.func,Double,134,0,2,0,24,0,5,0,4,0
ecj,ec.app.edge.func,Reverse,44,0,0,0,10,0,4,0,4,0
ecj,ec.app.edge.func,BAccept,34,0,0,0,8,0,4,0,4,0
ecj,ec.app.edge.func,Start,34,0,0,0,8,0,4,0,4,0
ecj,ec.app.edge.func,Accept,34,0,0,0,8,0,4,0,4,0
ecj,ec.app.edge.func,BBud,192,0,4,0,35,0,6,0,4,0
ecj,ec.app.edge.func,Split,197,0,4,0,36,0,6,0,4,0
ecj,ec.app.experiments.WaveletExperiment.wavelets,Haar.ImageQueryData,481,0,28,0,66,0,29,0,15,0
ecj,ec.app.experiments.WaveletExperiment.wavelets,HaarFilter,717,0,84,0,134,0,53,0,11,0
ecj,ec.app.experiments.WaveletExperiment.wavelets,simple_haar,456,0,44,0,86,0,31,0,9,0
ecj,ec.app.experiments.WaveletExperiment.wavelets,Haar,2245,0,154,0,275,0,100,0,23,0
ecj,ec.app.experiments.WaveletExperiment.wavelets,inplace_haar,539,0,60,0,119,0,43,0,13,0
ecj,ec.app.experiments.WaveletExperiment.wavelets,InPlaceHaar,384,0,68,0,84,0,43,0,9,0
ecj,ec.app.experiments.WaveletExperiment.wavelets,wavelet_base,3,0,0,0,1,0,1,0,1,0
ecj,ec.app.experiments.WaveletCHISTQ.DME,ProceduralTextureFitness,262,0,10,0,52,0,10,0,4,0
ecj,ec.app.ecsuite,ECSuite,1468,1753,167,2,247,16,104,3,11,3
ecj,ec.app.experiments.CHISTQ.Vanilla,ProceduralTextureFitness,165,0,8,0,42,0,8,0,4,0
ecj,ec.app.tsp,TSPProblem,509,432,126,70,54,80,93,21,4,12
ecj,ec.app.tsp,TSPIndividual,116,124,24,24,10,21,23,9,2,6
ecj,ec.app.tsp,TSPGraph.EdgeWeightType,0,21,0,0,0,1,0,1,0,1
ecj,ec.app.tsp,TSPGraph.TSPKeyword,0,27,0,0,0,1,0,1,0,1
ecj,ec.app.tsp,TSPGraph,316,370,58,62,23,72,52,26,2,15
ecj,ec.app.tsp,TSPGraph.TSPComponent,174,298,47,40,18,48,43,16,4,11
ecj,ec.app.moosuite,MooSuite,819,181,77,9,129,32,48,5,0,4
ecj,ec.app.experiments.GeneralandFitness,DirectMatch.DirectThread,78,0,2,0,19,0,5,0,4,0
ecj,ec.app.experiments.GeneralandFitness,TextureIndividual,3,0,0,0,1,0,1,0,1,0
ecj,ec.app.experiments.GeneralandFitness,PSDExtensions,589,0,44,0,93,0,35,0,8,0
ecj,ec.app.experiments.GeneralandFitness,PSDTools_Tests.ImageData,13,0,0,0,3,0,1,0,1,0
ecj,ec.app.experiments.GeneralandFitness,PSDTools,7,0,0,0,4,0,2,0,2,0
ecj,ec.app.experiments.GeneralandFitness,ColorHistogram.HistThread,100,0,4,0,27,0,6,0,4,0
ecj,ec.app.experiments.GeneralandFitness,PSDTools_Tests,1711,0,54,0,259,0,34,0,7,0
ecj,ec.app.experiments.GeneralandFitness,TextureElite,3,0,0,0,1,0,1,0,1,0
ecj,ec.app.experiments.GeneralandFitness,MultiData,288,0,15,0,43,0,29,0,20,0
ecj,ec.app.experiments.GeneralandFitness,ColorHistogram,880,0,86,0,152,0,59,0,16,0
ecj,ec.app.experiments.GeneralandFitness,CoordinateVariables,15,0,0,0,2,0,1,0,1,0
ecj,ec.app.experiments.GeneralandFitness,MultiData.MultiDataType,27,0,0,0,5,0,1,0,1,0
ecj,ec.app.experiments.GeneralandFitness,DirectMatch,1449,0,84,0,199,0,63,0,21,0
ecj,ec.app.experiments.GeneralandFitness,PSDTools_Tests.IntegrityTestThread,105,0,14,0,22,0,10,0,3,0
ecj,ec.app.experiments.GeneralandFitness,PSDExtensions.ImageToArrayStrategy,39,0,0,0,7,0,1,0,1,0
ecj,ec.coevolve,GuruComparator,38,0,0,0,3,0,3,0,3,0
ecj,ec.coevolve,CompetitiveEvaluator,1377,0,113,0,227,0,72,0,14,0
ecj,ec.coevolve,NRandomTwoWayCompetitiveEvaluatorThread,21,0,0,0,2,0,2,0,2,0
ecj,ec.coevolve,EncapsulatedIndividual,9,0,0,0,4,0,1,0,1,0
ecj,ec.coevolve,MultiPopCoevolutionaryEvaluator,1155,220,122,20,147,38,76,7,9,3
ecj,ec.coevolve,IndComparator,19,0,0,0,3,0,3,0,3,0
ecj,ec.coevolve,CompetitiveEvaluatorThread,3,0,0,0,1,0,1,0,1,0
ecj,ec.coevolve,RoundRobinCompetitiveEvaluatorThread,21,0,0,0,2,0,2,0,2,0
ecj,ec.coevolve,NRandomOneWayCompetitiveEvaluatorThread,21,0,0,0,2,0,2,0,2,0
ecj,ec.app.edge,Edge.new Comparator() {...},59,0,14,0,9,0,9,0,2,0
ecj,ec.app.edge,EdgeData,9,0,0,0,2,0,2,0,2,0
ecj,ec.app.edge,Edge,1906,0,179,0,268,0,104,0,13,0
ecj,ec.app.twobox,TwoBox,379,0,18,0,49,0,13,0,4,0
ecj,ec.app.twobox,TwoBoxData,9,0,0,0,2,0,2,0,2,0
ecj,ec.app.multiplexer,Fast,1762,0,0,0,7,0,2,0,2,0
ecj,ec.app.multiplexer,MultiplexerData,80,0,4,0,20,0,7,0,5,0
ecj,ec.app.multiplexer,Multiplexer,240,0,22,0,46,0,14,0,3,0
ecj,ec.app.experiments.WaveletCHISTQ.Vanilla,ProceduralTextureFitness,264,0,10,0,51,0,10,0,4,0
ecj,ec.app.hiff,HIFF,224,0,24,0,39,0,18,0,6,0
ecj,ec.app.experiments.GeneralandFitness.jssim,PairIterator,47,0,4,0,11,0,8,0,6,0
ecj,ec.app.experiments.GeneralandFitness.jssim,WindowManager.WindowContainer,27,0,2,0,7,0,3,0,2,0
ecj,ec.app.experiments.GeneralandFitness.jssim,WindowManager,149,0,12,0,30,0,11,0,5,0
ecj,ec.app.experiments.GeneralandFitness.jssim,Window,142,0,6,0,31,0,13,0,10,0
ecj,ec.app.experiments.GeneralandFitness.jssim,Pair,15,0,0,0,6,0,3,0,3,0
ecj,ec.app.experiments.GeneralandFitness.jssim,SsimCalculator,359,0,10,0,62,0,17,0,12,0
ecj,ec.app.experiments.GeneralandFitness.jssim,SsimException,4,0,0,0,2,0,1,0,1,0
ecj,ec.app.DMEtutorial.BehaviourEvaluations,ColourEvaluationFunctions,698,0,50,0,100,0,37,0,12,0
ecj,ec.app.DMEtutorial.BehaviourEvaluations,WebsiteBehaviours,30,0,2,0,9,0,5,0,4,0
ecj,ec.app.DMEtutorial.BehaviourEvaluations,MSSIMBehaviour,70,0,4,0,12,0,7,0,4,0
ecj,ec.app.DMEtutorial.BehaviourEvaluations,AKAZEBehaviour,71,0,4,0,13,0,8,0,5,0
ecj,ec.app.DMEtutorial.BehaviourEvaluations,GeometryEvaluationFunctions,357,0,4,0,81,0,7,0,5,0
ecj,ec.app.DMEtutorial,ProceduralTextureMultiScaleSSIM,72,0,2,0,17,0,5,0,4,0
ecj,ec.app.DMEtutorial,ProceduralTextureSURF,69,0,2,0,16,0,5,0,4,0
ecj,ec.app.DMEtutorial,CoordinateVariables,21,0,0,0,2,0,1,0,1,0
ecj,ec.app.DMEtutorial,ProceduralTextureFitness,360,0,32,0,65,0,21,0,5,0
ecj,ec.app.DMEtutorial,ProceduralTextureAKAZE,72,0,2,0,17,0,5,0,4,0
ecj,ec.app.DMEtutorial,MultiData,288,0,15,0,43,0,29,0,20,0
ecj,ec.app.DMEtutorial,ProceduralTextureMSSIM,75,0,2,0,17,0,5,0,4,0
ecj,ec.app.DMEtutorial,ProceduralTextureWavelet,101,0,2,0,23,0,5,0,4,0
ecj,ec.app.DMEtutorial,MultiData.MultiDataType,27,0,0,0,5,0,1,0,1,0
ecj,ec.app.DMEtutorial,TextureElite,3,0,0,0,1,0,1,0,1,0
ecj,ec.app.DMEtutorial,ProceduralTextureSIFT,72,0,2,0,17,0,5,0,4,0
ecj,ec.app.DMEtutorial,ImageLoad,185,0,12,0,29,0,9,0,3,0
ecj,ec.app.DMEtutorial,ImageRender,1442,0,60,0,217,0,49,0,19,0
ecj,ec.co.ant,AntSpecies,305,0,64,0,44,0,41,0,9,0
ecj,ec.co.ant,AntSystemUpdateRule,535,0,98,0,67,0,60,0,10,0
ecj,ec.co.ant,ACSLocalUpdateRule,174,0,48,0,26,0,31,0,7,0
ecj,ec.co.ant,AntSpecies.new ArrayList() {...},14,0,0,0,1,0,1,0,1,0
ecj,ec.co.ant,SimplePheromoneTable,420,0,60,0,50,0,38,0,8,0
ecj,ec.co.ant,GlobalUpdateRule,345,0,77,0,48,0,47,0,8,0
ecj,ec.co.ant,GlobalUpdateRule.BestStrategy,15,0,0,0,1,0,1,0,1,0
ecj,ec.co.ant,PseudorandomProportionateComponentSelector,252,0,66,0,40,0,41,0,8,0
ecj,ec.co.ant,AntSystemUpdateRule.DepositRule,21,0,0,0,1,0,1,0,1,0
ecj,ec.co.ant,SimpleConstructionRule,182,0,52,0,27,0,31,0,5,0
ecj,ec.co.ant,ProportionateComponentSelector,334,0,86,0,52,0,51,0,8,0
ecj,ec.co.ant,GreedyComponentSelector,84,0,26,0,17,0,18,0,5,0
ecj,ec.de,DEBreeder,468,0,58,0,69,0,36,0,7,0
ecj,ec.de,Rand1EitherOrDEBreeder,227,0,30,0,30,0,18,0,3,0
ecj,ec.de,Best1BinDEBreeder,194,0,22,0,27,0,14,0,3,0
ecj,ec.de,DEEvaluator,128,0,14,0,16,0,9,0,2,0
ecj,ec.app.cartpole,CartPole,331,0,24,0,60,0,17,0,5,0
ecj,ec.app.regression.func,X5,30,0,2,0,9,0,5,0,4,0
ecj,ec.app.regression.func,X4,30,0,2,0,9,0,5,0,4,0
ecj,ec.app.regression.func,X1,30,0,2,0,9,0,5,0,4,0
ecj,ec.app.regression.func,X3,30,0,2,0,9,0,5,0,4,0
ecj,ec.app.regression.func,X2,30,0,2,0,9,0,5,0,4,0
ecj,ec.app.regression.func,Add,42,0,0,0,9,0,4,0,4,0
ecj,ec.app.regression.func,Mul,42,0,0,0,9,0,4,0,4,0
ecj,ec.app.regression.func,Inv,28,0,0,0,7,0,4,0,4,0
ecj,ec.app.regression.func,Tan,27,0,0,0,7,0,4,0,4,0
ecj,ec.app.regression.func,NegExp,29,0,0,0,7,0,4,0,4,0
ecj,ec.app.regression.func,VladERCC,37,0,0,0,7,0,4,0,4,0
ecj,ec.app.regression.func,VladERCA,51,0,0,0,10,0,6,0,6,0
ecj,ec.app.regression.func,VladERCB,37,0,0,0,7,0,4,0,4,0
ecj,ec.app.regression.func,Sqrt,27,0,0,0,7,0,4,0,4,0
ecj,ec.app.regression.func,Tanh,27,0,0,0,7,0,4,0,4,0
ecj,ec.app.regression.func,Exp,27,0,0,0,7,0,4,0,4,0
ecj,ec.app.regression.func,KeijzerERC,17,0,0,0,4,0,3,0,3,0
ecj,ec.app.regression.func,Cos,27,0,0,0,7,0,4,0,4,0
ecj,ec.app.regression.func,Neg,28,0,0,0,7,0,4,0,4,0
ecj,ec.app.regression.func,KornsERC,22,0,4,0,5,0,5,0,3,0
ecj,ec.app.regression.func,Sin,27,0,0,0,7,0,4,0,4,0
ecj,ec.app.regression.func,Div,51,0,2,0,11,0,5,0,4,0
ecj,ec.app.regression.func,X,16,0,0,0,6,0,4,0,4,0
ecj,ec.app.regression.func,Cube,32,0,0,0,7,0,4,0,4,0
ecj,ec.app.regression.func,Log,35,0,2,0,7,0,5,0,4,0
ecj,ec.app.regression.func,Sub,42,0,0,0,9,0,4,0,4,0
ecj,ec.app.regression.func,RegERC,113,0,6,0,26,0,13,0,10,0
ecj,ec.app.regression.func,Square,29,0,0,0,7,0,4,0,4,0
ecj,ec.pso,Particle,1779,0,264,0,340,0,152,0,20,0
ecj,ec.pso,PSOBreeder,374,0,30,0,51,0,18,0,3,0
ecj,ec.app.ordertree.func,OrderTreeT0,7,0,0,0,3,0,3,0,3,0
ecj,ec.app.ordertree.func,OrderTreeT1,7,0,0,0,3,0,3,0,3,0
ecj,ec.app.ordertree.func,OrderTreeT2,7,0,0,0,3,0,3,0,3,0
ecj,ec.app.ordertree.func,OrderTreeT3,7,0,0,0,3,0,3,0,3,0
ecj,ec.app.ordertree.func,OrderTreeT4,7,0,0,0,3,0,3,0,3,0
ecj,ec.app.ordertree.func,OrderTreeT5,7,0,0,0,3,0,3,0,3,0
ecj,ec.app.ordertree.func,OrderTreeT6,7,0,0,0,3,0,3,0,3,0
ecj,ec.app.ordertree.func,OrderTreeT7,7,0,0,0,3,0,3,0,3,0
ecj,ec.app.ordertree.func,OrderTreeT8,7,0,0,0,3,0,3,0,3,0
ecj,ec.app.ordertree.func,OrderTreeT9,7,0,0,0,3,0,3,0,3,0
ecj,ec.app.ordertree.func,OrderTreeNode,14,0,0,0,3,0,3,0,3,0
ecj,ec.app.ordertree.func,OrderTreeF3,7,0,0,0,3,0,3,0,3,0
ecj,ec.app.ordertree.func,OrderTreeF4,7,0,0,0,3,0,3,0,3,0
ecj,ec.app.ordertree.func,OrderTreeF5,7,0,0,0,3,0,3,0,3,0
ecj,ec.app.ordertree.func,OrderTreeF6,7,0,0,0,3,0,3,0,3,0
ecj,ec.app.ordertree.func,OrderTreeF7,7,0,0,0,3,0,3,0,3,0
ecj,ec.app.ordertree.func,OrderTreeF8,7,0,0,0,3,0,3,0,3,0
ecj,ec.app.ordertree.func,OrderTreeF9,7,0,0,0,3,0,3,0,3,0
ecj,ec.app.ordertree.func,OrderTreeF0,7,0,0,0,3,0,3,0,3,0
ecj,ec.app.ordertree.func,OrderTreeF1,7,0,0,0,3,0,3,0,3,0
ecj,ec.app.ordertree.func,OrderTreeF2,7,0,0,0,3,0,3,0,3,0
ecj,ec.app.experiments.GeneralandFitness.SSIM,PairIterator,47,0,4,0,11,0,8,0,6,0
ecj,ec.app.experiments.GeneralandFitness.SSIM,Window,249,0,10,0,49,0,17,0,12,0
ecj,ec.app.experiments.GeneralandFitness.SSIM,WindowManager,153,0,12,0,31,0,11,0,5,0
ecj,ec.app.experiments.GeneralandFitness.SSIM,Pair,15,0,0,0,6,0,3,0,3,0
ecj,ec.app.experiments.GeneralandFitness.SSIM,WindowManager.WindowContainer,27,0,2,0,7,0,3,0,2,0
ecj,ec.app.experiments.GeneralandFitness.SSIM,SsimException,4,0,0,0,2,0,1,0,1,0
ecj,ec.app.experiments.GeneralandFitness.SSIM,SSIM,664,0,14,0,76,0,22,0,15,0
ecj,ec.display,ParameterValue,21,0,0,0,5,0,3,0,3,0
ecj,ec.display,ControlPanel,2142,0,94,0,487,0,81,0,34,0
ecj,ec.display,ParametersPanel.new FocusAdapter() {...},43,0,0,0,7,0,2,0,2,0
ecj,ec.display,ParametersPanel.new TableModelListener() {...},69,0,6,0,12,0,5,0,2,0
ecj,ec.display,ParametersPanel.new TreeSelectionListener() {...},233,0,22,0,39,0,13,0,2,0
ecj,ec.display,ParametersPanel,244,0,10,0,54,0,13,0,8,0
ecj,ec.display,Console,1244,0,46,0,248,0,61,0,38,0
ecj,ec.display,StatisticsChartPane.new ContainerAdapter() {...},19,0,2,0,5,0,3,0,2,0
ecj,ec.display,Console.6.new FileFilter() {...},47,0,10,0,13,0,8,0,3,0
ecj,ec.display,EvolutionStateEvent,4,0,0,0,2,0,1,0,1,0
ecj,ec.display,SubpopulationPanel,390,0,22,0,75,0,22,0,11,0
ecj,ec.display,ControlPanel.new FocusListener() {...},21,0,0,0,4,0,3,0,3,0
ecj,ec.display,ControlPanel.new KeyAdapter() {...},43,0,4,0,6,0,4,0,2,0
ecj,ec.display,ControlPanel.new ItemListener() {...},14,0,2,0,4,0,3,0,2,0
ecj,ec.display,ControlPanel.new ActionListener() {...},10,0,0,0,3,0,2,0,2,0
ecj,ec.display,ControlPanel.new ItemListener() {...},46,0,2,0,6,0,3,0,2,0
ecj,ec.display,ControlPanel.new ItemListener() {...},22,0,2,0,5,0,3,0,2,0
ecj,ec.display,ControlPanel.new FocusListener() {...},21,0,0,0,4,0,3,0,3,0
ecj,ec.display,ControlPanel.new KeyAdapter() {...},43,0,4,0,6,0,4,0,2,0
ecj,ec.display,ControlPanel.new KeyAdapter() {...},44,0,4,0,6,0,4,0,2,0
ecj,ec.display,ControlPanel.new ActionListener() {...},55,0,4,0,15,0,4,0,2,0
ecj,ec.display,ControlPanel.new ItemListener() {...},96,0,10,0,26,0,7,0,2,0
ecj,ec.display,StatisticsChartPane,95,0,6,0,26,0,9,0,6,0
ecj,ec.display,SubpopulationPanel.new ListSelectionListener() {...},61,0,2,0,7,0,3,0,2,0
ecj,ec.display,Console.new ActionListener() {...},358,0,8,0,70,0,6,0,2,0
ecj,ec.display,Console.new ActionListener() {...},9,0,0,0,3,0,2,0,2,0
ecj,ec.display,Console.new Runnable() {...},645,0,56,0,109,0,36,0,8,0
ecj,ec.display,Console.new ActionListener() {...},58,0,2,0,14,0,3,0,2,0
ecj,ec.display,Console.new ActionListener() {...},55,0,2,0,13,0,3,0,2,0
ecj,ec.display,Console.new ActionListener() {...},43,0,2,0,11,0,3,0,2,0
ecj,ec.display,Console.new ActionListener() {...},94,0,6,0,21,0,5,0,2,0
ecj,ec.display,Console.new ActionListener() {...},46,0,4,0,10,0,4,0,2,0
ecj,ec.display,Console.new ActionListener() {...},76,0,8,0,16,0,6,0,2,0
ecj,ec.display,ControlPanel.new KeyAdapter() {...},14,0,2,0,4,0,3,0,2,0
ecj,ec.display,ControlPanel.new ItemListener() {...},27,0,0,0,4,0,2,0,2,0
ecj,ec.display,ControlPanel.new KeyAdapter() {...},46,0,4,0,7,0,4,0,2,0
ecj,ec.display,ControlPanel.new FocusListener() {...},11,0,0,0,4,0,3,0,3,0
ecj,ec.display,ControlPanel.new FocusListener() {...},24,0,0,0,5,0,3,0,3,0
ecj,ec.display,ControlPanel.new KeyAdapter() {...},43,0,4,0,6,0,4,0,2,0
ecj,ec.display,ControlPanel.new KeyAdapter() {...},46,0,4,0,7,0,4,0,2,0
ecj,ec.display,ControlPanel.new FocusListener() {...},24,0,0,0,5,0,3,0,3,0
ecj,ec.display,ControlPanel.new FocusListener() {...},24,0,0,0,5,0,3,0,3,0
ecj,ec.util,DataPipe,223,0,12,0,40,0,18,0,12,0
ecj,ec.util,BadParameterException,11,0,0,0,1,0,1,0,1,0
ecj,ec.util,IntBag,781,0,66,0,152,0,70,0,37,0
ecj,ec.util,MersenneTwisterFast,3489,1452,257,69,437,169,150,40,18,9
ecj,ec.util,ThreadPool,307,15,12,0,61,4,21,1,15,1
ecj,ec.util,ReflectedObject,903,0,116,0,143,0,80,0,22,0
ecj,ec.util,ParameterDatabase,3862,1372,403,179,749,325,287,124,60,60
ecj,ec.util,DecodeReturn,51,0,0,0,7,0,5,0,5,0
ecj,ec.util,OutputException,4,0,0,0,1,0,1,0,1,0
ecj,ec.util,Parameter,186,32,25,3,35,8,20,3,6,3
ecj,ec.util,ThreadPool.Node,184,0,12,0,47,0,12,0,6,0
ecj,ec.util,QuickSort,1706,376,164,36,267,64,109,22,25,6
ecj,ec.util,ThreadPool.new Runnable() {...},10,0,0,0,2,0,2,0,2,0
ecj,ec.util,DataPipe.new InputStream() {...},25,0,0,0,4,0,4,0,4,0
ecj,ec.util,DataPipe.new OutputStream() {...},27,0,0,0,4,0,4,0,4,0
ecj,ec.util,Lexer,112,0,10,0,21,0,11,0,6,0
ecj,ec.util,Output.Announcement,0,6,0,0,0,3,0,1,0,1
ecj,ec.util,ParamClassLoadException,11,0,0,0,1,0,1,0,1,0
ecj,ec.util,Output,922,543,89,47,143,111,99,38,39,30
ecj,ec.util,ReflectedObject.new ReflectedObject() {...},6,0,0,0,2,0,2,0,2,0
ecj,ec.util,ParameterDatabaseEvent,22,0,0,0,8,0,4,0,4,0
ecj,ec.util,Code,1781,5,251,1,331,1,161,1,20,1
ecj,ec.util,ParameterDatabaseTreeModel,61,0,8,0,19,0,11,0,7,0
ecj,ec.util,Checkpoint,136,0,2,0,17,0,4,0,3,0
ecj,ec.util,ParameterDatabaseTreeNode,126,0,20,0,40,0,17,0,7,0
ecj,ec.util,Output.OutputExitException,0,4,0,0,0,2,0,1,0,1
ecj,ec.util,Version,3,57,3,3,1,7,4,1,1,1
ecj,ec.util,LogRestarter,0,3,0,0,0,1,0,1,0,1
ecj,ec.util,Misc,49,46,10,12,8,9,9,7,2,3
ecj,ec.util,ParameterDatabase.new Comparator() {...},19,0,0,0,4,0,2,0,2,0
ecj,ec.util,Log,103,101,6,6,17,26,9,4,4,3
ecj,ec.util,Log.new LogRestarter() {...},10,6,0,0,3,1,2,1,2,1
ecj,ec.util,Log.new LogRestarter() {...},43,6,4,0,5,1,4,1,2,1
ecj,ec.util,Log.new LogRestarter() {...},40,0,4,0,5,0,5,0,3,0
ecj,ec.util,IIntPoint,41,46,3,3,4,8,6,3,3,3
ecj,ec.util,Log.new LogRestarter() {...},10,6,0,0,3,1,2,1,2,1
ecj,ec.util,RandomChoice,1227,0,216,0,223,0,129,0,21,0
ecj,ec.util,LocalHost,72,0,14,0,20,0,9,0,2,0
ecj,ec.util,MersenneTwister,1620,0,198,0,252,0,127,0,28,0
ecj,ec.display.chart,StatisticsChartPaneTab,147,0,6,0,36,0,9,0,6,0
ecj,ec.display.chart,BarChartStatistics,54,0,2,0,9,0,5,0,4,0
ecj,ec.display.chart,ChartableStatistics,38,0,0,0,6,0,2,0,2,0
ecj,ec.display.chart,XYSeriesChartStatistics,50,0,0,0,10,0,5,0,5,0
ecj,ec.display.chart,StatisticsChartPaneTab.new ActionListener() {...},136,0,4,0,28,0,4,0,2,0
ecj,ec.display.chart,StatisticsChartPaneTab.new ActionListener() {...},21,0,0,0,4,0,2,0,2,0
ecj,ec.app.lawnmower.func,LawnERC,220,0,14,0,48,0,18,0,11,0
ecj,ec.app.lawnmower.func,V8a,55,0,0,0,11,0,4,0,4,0
ecj,ec.app.lawnmower.func,Frog,159,0,7,0,27,0,9,0,4,0
ecj,ec.app.lawnmower.func,Left,53,0,5,0,18,0,8,0,4,0
ecj,ec.app.lawnmower.func,Mow,130,0,15,0,22,0,13,0,4,0
ecj,ec.app.lawnmower.func,Progn2,30,0,0,0,6,0,4,0,4,0
ecj,ec.app.experiments.CHISTQ.DME,ProceduralTextureFitness,162,0,8,0,41,0,8,0,4,0
ecj,ec.gp,ADFContext,182,0,16,0,32,0,15,0,7,0
ecj,ec.gp,GPBreedingPipeline,24,0,4,0,5,0,4,0,2,0
ecj,ec.gp,GPInitializer,623,0,42,0,108,0,28,0,7,0
ecj,ec.gp,GPNodeBuilder,491,0,42,0,84,0,30,0,9,0
ecj,ec.gp,GPFunctionSet,749,0,68,0,128,0,41,0,7,0
ecj,ec.gp,SimplifyableGPNode.FixedValue,31,0,0,0,7,0,6,0,6,0
ecj,ec.gp,GPAtomicType,30,0,4,0,5,0,5,0,3,0
ecj,ec.gp,GPTreeConstraints,346,0,24,0,51,0,17,0,5,0
ecj,ec.gp,GPType,80,0,6,0,14,0,7,0,4,0
ecj,ec.gp,GPData,17,0,0,0,7,0,5,0,5,0
ecj,ec.gp,GPDefaults,8,0,0,0,2,0,2,0,2,0
ecj,ec.gp,GPProblem,69,0,0,0,18,0,4,0,4,0
ecj,ec.gp,ADFStack,415,0,34,0,70,0,28,0,11,0
ecj,ec.gp,GPNode,2808,0,314,0,411,0,222,0,65,0
ecj,ec.gp,SimplifyableGPNode.SimplifyableGPNodeImpl,108,0,16,0,22,0,11,0,3,0
ecj,ec.gp,GPNode.new GPNodeGatherer() {...},32,0,10,0,2,0,7,0,2,0
ecj,ec.gp,GPNode.new Iterator() {...},97,0,14,0,25,0,12,0,5,0
ecj,ec.gp,GPNode.new Iterator() {...},60,0,8,0,17,0,9,0,5,0
ecj,ec.gp,GPNode.new GPNodeGatherer() {...},8,0,0,0,1,0,2,0,2,0
ecj,ec.gp,GPNodeConstraints,250,0,18,0,37,0,13,0,4,0
ecj,ec.gp,GPIndividual,621,0,56,0,96,0,44,0,16,0
ecj,ec.gp,GPSpecies,113,0,4,0,25,0,8,0,6,0
ecj,ec.gp,GPNodeGatherer,5,0,0,0,2,0,2,0,2,0
ecj,ec.gp,GPTree,531,0,46,0,95,0,42,0,19,0
ecj,ec.gp,GPSetType,277,0,24,0,42,0,16,0,4,0
ecj,ec.gp,ERC,193,0,20,0,36,0,21,0,11,0
ecj,ec.gp,ADFArgument,142,0,8,0,26,0,13,0,9,0
ecj,ec.gp,ADM,42,0,2,0,7,0,3,0,2,0
ecj,ec.gp,ADF,531,0,44,0,75,0,33,0,11,0
ecj,ec.app.DMEtutorial.Functions,Func_Geometric,9,0,0,0,3,0,3,0,3,0
ecj,ec.app.DMEtutorial.Functions,Func_Noise,96,0,8,0,22,0,16,0,12,0
ecj,ec.app.DMEtutorial.Functions,Func_Noise.Perlin,69,0,0,0,16,0,6,0,6,0
ecj,ec.app.DMEtutorial.Functions,Func_Ephemeral.Eph_10,38,0,4,0,7,0,5,0,3,0
ecj,ec.app.DMEtutorial.Functions,Func_Math.Sub,44,0,0,0,10,0,4,0,4,0
ecj,ec.app.DMEtutorial.Functions,Func_Math.Min,44,0,0,0,10,0,4,0,4,0
ecj,ec.app.DMEtutorial.Functions,Func_Math.Floor,29,0,0,0,8,0,4,0,4,0
ecj,ec.app.DMEtutorial.Functions,Func_Variable,9,0,0,0,4,0,4,0,4,0
ecj,ec.app.DMEtutorial.Functions,Func_Math.Div,50,0,2,0,10,0,5,0,4,0
ecj,ec.app.DMEtutorial.Functions,Func_Ephemeral,94,0,6,0,26,0,15,0,12,0
ecj,ec.app.DMEtutorial.Functions,Func_Noise.Turbulence,62,0,0,0,13,0,4,0,4,0
ecj,ec.app.DMEtutorial.Functions,Func_Noise.OpenSimplexTwo,56,0,0,0,13,0,5,0,5,0
ecj,ec.app.DMEtutorial.Functions,Func_Math.Lerp,72,0,0,0,15,0,4,0,4,0
ecj,ec.app.DMEtutorial.Functions,Func_Math.Sin,29,0,0,0,8,0,4,0,4,0
ecj,ec.app.DMEtutorial.Functions,Func_Ephemeral.Eph_1,36,0,4,0,7,0,5,0,3,0
ecj,ec.app.DMEtutorial.Functions,Func_Noise.FractalSum,62,0,0,0,13,0,4,0,4,0
ecj,ec.app.DMEtutorial.Functions,Func_Math.Max,44,0,0,0,10,0,4,0,4,0
ecj,ec.app.DMEtutorial.Functions,Func_Math.Ceil,29,0,0,0,8,0,4,0,4,0
ecj,ec.app.DMEtutorial.Functions,Func_Ephemeral.Eph_100,38,0,4,0,7,0,5,0,3,0
ecj,ec.app.DMEtutorial.Functions,Func_Math.Tan,39,0,4,0,11,0,6,0,4,0
ecj,ec.app.DMEtutorial.Functions,Func_Math.Mul,44,0,0,0,10,0,4,0,4,0
ecj,ec.app.DMEtutorial.Functions,Func_Math.Cube,30,0,0,0,8,0,4,0,4,0
ecj,ec.app.DMEtutorial.Functions,OpenSimplex2,5100,0,88,0,208,0,64,0,20,0
ecj,ec.app.DMEtutorial.Functions,Func_Variable.Pos_Rho,17,0,0,0,5,0,3,0,3,0
ecj,ec.app.DMEtutorial.Functions,Func_Noise.Marble,42,0,0,0,11,0,4,0,4,0
ecj,ec.app.DMEtutorial.Functions,Func_Math.Cos,29,0,0,0,8,0,4,0,4,0
ecj,ec.app.DMEtutorial.Functions,Func_Math.Neg,30,0,0,0,8,0,4,0,4,0
ecj,ec.app.DMEtutorial.Functions,Func_Math.Exp,29,0,0,0,8,0,4,0,4,0
ecj,ec.app.DMEtutorial.Functions,Func_Variable.Pos_Y,17,0,0,0,5,0,3,0,3,0
ecj,ec.app.DMEtutorial.Functions,Func_Variable.Pos_X,17,0,0,0,5,0,3,0,3,0
ecj,ec.app.DMEtutorial.Functions,Func_Geometric.ShiftPos,86,0,0,0,17,0,4,0,4,0
ecj,ec.app.DMEtutorial.Functions,Func_Math.Pow,44,0,0,0,10,0,4,0,4,0
ecj,ec.app.DMEtutorial.Functions,Func_Math.Abs,29,0,0,0,8,0,4,0,4,0
ecj,ec.app.DMEtutorial.Functions,Func_Math.Add,44,0,0,0,10,0,4,0,4,0
ecj,ec.app.DMEtutorial.Functions,Func_Math.LogE,29,0,0,0,8,0,4,0,4,0
ecj,ec.app.DMEtutorial.Functions,Func_Math,9,0,0,0,3,0,3,0,3,0
ecj,ec.app.DMEtutorial.Functions,Func_Math.Sqrt,30,0,0,0,8,0,4,0,4,0
ecj,ec.app.DMEtutorial.Functions,Noise_Perlin,547,0,26,0,74,0,26,0,13,0
ecj,ec.app.DMEtutorial.Functions,Func_Math.Round,30,0,0,0,8,0,4,0,4,0
ecj,ec.app.DMEtutorial.Functions,Func_Math.Log10,29,0,0,0,8,0,4,0,4,0
ecj,ec.app.DMEtutorial.Functions,Func_Conditional.IfGT,62,0,2,0,12,0,5,0,4,0
ecj,ec.app.DMEtutorial.Functions,Func_Math.Avg,46,0,0,0,10,0,4,0,4,0
ecj,ec.app.DMEtutorial.Functions,Func_Math.Square,30,0,0,0,8,0,4,0,4,0
ecj,ec.app.DMEtutorial.Functions,Func_Geometric.Tile,166,0,0,0,23,0,4,0,4,0
ecj,ec.app.DMEtutorial.Functions,Func_Conditional,9,0,0,0,3,0,3,0,3,0
ecj,ec.eda.cmaes,CMAESInitializer,148,0,12,0,23,0,8,0,2,0
ecj,ec.eda.cmaes,CMAESBreeder,71,0,6,0,13,0,6,0,3,0
ecj,ec.eda.cmaes,CMAESSpecies,2198,0,136,0,257,0,74,0,6,0
ecj,ec.eda.cmaes,CMAESDefaults,8,0,0,0,2,0,2,0,2,0
ecj,ec.rule.breed,RuleMutationPipeline,75,0,4,0,14,0,7,0,5,0
ecj,ec.rule.breed,RuleCrossoverPipeline,521,0,44,0,75,0,29,0,7,0
ecj,ec.app.lid,Lid,217,0,12,0,34,0,10,0,4,0
ecj,ec.gp.breed,MutateAllNodesPipeline,553,0,50,0,95,0,33,0,8,0
ecj,ec.gp.breed,RehangPipeline,476,0,54,0,93,0,37,0,10,0
ecj,ec.gp.breed,MutateDemotePipeline,968,0,90,0,164,0,59,0,14,0
ecj,ec.gp.breed,MutateSwapPipeline,614,0,70,0,103,0,46,0,11,0
ecj,ec.gp.breed,SizeFairCrossoverPipeline.RouletteWheelSelector,216,0,24,0,36,0,15,0,3,0
ecj,ec.gp.breed,MutatePromotePipeline,355,0,42,0,67,0,30,0,9,0
ecj,ec.gp.breed,MutateOneNodePipeline,433,0,40,0,75,0,27,0,7,0
ecj,ec.gp.breed,SizeFairCrossoverPipeline.new Comparator() {...},39,0,6,0,11,0,5,0,2,0
ecj,ec.gp.breed,SizeFairCrossoverPipeline,1476,0,170,0,242,0,95,0,10,0
ecj,ec.gp.breed,SizeFairCrossoverPipeline.NodeInfo,19,0,0,0,8,0,4,0,4,0
ecj,ec.gp.breed,MutateERCPipeline,232,0,22,0,44,0,18,0,7,0
ecj,ec.gp.breed,InternalCrossoverPipeline,655,0,90,0,123,0,53,0,8,0
ecj,ec.gp.breed,GPBreedDefaults,7,0,0,0,2,0,2,0,2,0
ecj,ec.gp.build,UniformGPNodeStorage,12,0,0,0,3,0,3,0,3,0
ecj,ec.gp.build,RandTree,909,0,127,0,196,0,77,0,13,0
ecj,ec.gp.build,PTCFunctionSet,389,0,40,0,50,0,26,0,6,0
ecj,ec.gp.build,Uniform,1574,0,120,0,192,0,74,0,14,0
ecj,ec.gp.build,GPBuildDefaults,7,0,0,0,2,0,2,0,2,0
ecj,ec.gp.build,PTC1,281,0,28,0,56,0,19,0,5,0
ecj,ec.gp.build,PTC2,543,0,48,0,113,0,30,0,6,0
ecj,ec.gp.build,RandomBranch,254,0,28,0,46,0,19,0,5,0
ecj,ec.gp.build,RandTree.ArityObject,6,0,0,0,1,0,1,0,1,0
ecj,ec.display.portrayal,SimpleIndividualPortrayal.new LogRestarter() {...},7,0,0,0,3,0,3,0,3,0
ecj,ec.display.portrayal,SimpleIndividualPortrayal,63,0,0,0,15,0,4,0,4,0
ecj,ec.display.portrayal,IndividualPortrayal,4,0,0,0,2,0,1,0,1,0
ecj,ec.app.tutorial3,OddRosenbrock,102,0,6,0,13,0,6,0,3,0
ecj,ec.app.tutorial3,OurSelection,170,0,14,0,28,0,11,0,4,0
ecj,ec.app.tutorial3,MyStatistics,168,0,8,0,29,0,7,0,3,0
ecj,ec.app.tutorial4,MultiValuedRegression,122,0,8,0,23,0,7,0,3,0
ecj,ec.app.tutorial4,Sub,42,0,0,0,9,0,4,0,4,0
ecj,ec.app.tutorial4,Add,42,0,0,0,9,0,4,0,4,0
ecj,ec.app.tutorial4,Mul,42,0,0,0,9,0,4,0,4,0
ecj,ec.app.tutorial4,X,16,0,0,0,6,0,4,0,4,0
ecj,ec.app.tutorial4,Y,16,0,0,0,6,0,4,0,4,0
ecj,ec.app.tutorial4,DoubleData,9,0,0,0,2,0,2,0,2,0
ecj,ec.thesisStatistics,BaselineStatistics,1084,0,118,0,152,0,71,0,12,0
ecj,ec.thesisStatistics,BaselineMEStatistics,385,0,22,0,64,0,18,0,7,0
ecj,ec.app.tutorial1,MaxOnes,73,0,12,0,13,0,8,0,2,0
ecj,ec.app.twobox.func,W1,21,0,0,0,7,0,4,0,4,0
ecj,ec.app.twobox.func,W0,21,0,0,0,7,0,4,0,4,0
ecj,ec.app.twobox.func,L0,21,0,0,0,7,0,4,0,4,0
ecj,ec.app.twobox.func,L1,21,0,0,0,7,0,4,0,4,0
ecj,ec.app.twobox.func,H0,21,0,0,0,7,0,4,0,4,0
ecj,ec.app.twobox.func,H1,21,0,0,0,7,0,4,0,4,0
ecj,ec.app.twobox.func,Div,51,0,2,0,11,0,5,0,4,0
ecj,ec.app.twobox.func,Sub,42,0,0,0,9,0,4,0,4,0
ecj,ec.app.twobox.func,Add,42,0,0,0,9,0,4,0,4,0
ecj,ec.app.twobox.func,Mul,47,0,2,0,10,0,5,0,4,0
ecj,ec.app.tutorial2,OurMutatorPipeline,110,0,10,0,18,0,9,0,4,0
ecj,ec.app.tutorial2,AddSubtract,79,0,12,0,15,0,8,0,2,0
ecj,ec.app.multiplexer.func,D1,40,0,4,0,10,0,6,0,4,0
ecj,ec.app.multiplexer.func,D0,40,0,4,0,10,0,6,0,4,0
ecj,ec.app.multiplexer.func,D7,40,0,4,0,10,0,6,0,4,0
ecj,ec.app.multiplexer.func,D6,40,0,4,0,10,0,6,0,4,0
ecj,ec.app.multiplexer.func,D3,40,0,4,0,10,0,6,0,4,0
ecj,ec.app.multiplexer.func,D2,40,0,4,0,10,0,6,0,4,0
ecj,ec.app.multiplexer.func,D5,40,0,4,0,10,0,6,0,4,0
ecj,ec.app.multiplexer.func,D4,40,0,4,0,10,0,6,0,4,0
ecj,ec.app.multiplexer.func,And,108,0,10,0,23,0,9,0,4,0
ecj,ec.app.multiplexer.func,A0,40,0,4,0,10,0,6,0,4,0
ecj,ec.app.multiplexer.func,A2,40,0,4,0,10,0,6,0,4,0
ecj,ec.app.multiplexer.func,A1,40,0,4,0,10,0,6,0,4,0
ecj,ec.app.multiplexer.func,Not,60,0,6,0,12,0,7,0,4,0
ecj,ec.app.multiplexer.func,Or,108,0,10,0,23,0,9,0,4,0
ecj,ec.app.multiplexer.func,If,178,0,14,0,34,0,11,0,4,0
ecj,ec.app.klandscapes,KLandscapes,698,0,70,0,107,0,44,0,9,0
ecj,ec.gp.push,PushDefaults,8,0,0,0,2,0,2,0,2,0
ecj,ec.gp.push,Nonterminal,8,0,0,0,4,0,4,0,4,0
ecj,ec.gp.push,PushProblem,206,0,14,0,39,0,19,0,12,0
ecj,ec.gp.push,PushInstruction,19,0,0,0,7,0,4,0,4,0
ecj,ec.gp.push,PushBuilder,197,0,12,0,41,0,11,0,5,0
ecj,ec.gp.push,Terminal,795,0,63,0,106,0,44,0,12,0
ecj,ec.rule,RuleConstraints,80,0,6,0,14,0,7,0,4,0
ecj,ec.rule,RuleSetConstraints,588,0,60,0,92,0,36,0,6,0
ecj,ec.rule,Rule,155,0,4,0,31,0,21,0,19,0
ecj,ec.rule,RuleIndividual,511,0,46,0,80,0,40,0,17,0
ecj,ec.rule,RuleInitializer,302,0,16,0,51,0,12,0,4,0
ecj,ec.rule,RuleDefaults,8,0,0,0,2,0,2,0,2,0
ecj,ec.rule,RuleSet,941,0,96,0,156,0,78,0,30,0
ecj,ec.rule,RuleSpecies,44,0,2,0,9,0,5,0,4,0
ecj,ec.multiobjective,HypervolumeStatistics,335,377,42,52,29,65,40,19,2,10
ecj,ec.multiobjective,MultiObjectiveDefaults,3,5,0,0,1,1,1,1,1,1
ecj,ec.multiobjective,MultiObjectiveFitness.new SortComparator() {...},2,85,1,11,1,14,1,8,0,3
ecj,ec.multiobjective,MultiObjectiveStatistics,248,309,36,24,29,46,26,8,1,3
ecj,ec.multiobjective,MultiObjectiveFitness,624,635,73,55,97,104,57,39,15,17
ecj,ec.app.klandscapes.func,KLandscapeTree,14,0,0,0,3,0,3,0,3,0
ecj,ec.app.klandscapes.func,KLandscapeTreeA,7,0,0,0,3,0,3,0,3,0
ecj,ec.app.klandscapes.func,KLandscapeTreeB,7,0,0,0,3,0,3,0,3,0
ecj,ec.app.klandscapes.func,KLandscapeTreeW,7,0,0,0,3,0,3,0,3,0
ecj,ec.app.klandscapes.func,KLandscapeTreeX,7,0,0,0,3,0,3,0,3,0
ecj,ec.app.klandscapes.func,KLandscapeTreeY,7,0,0,0,3,0,3,0,3,0
ecj,ec.app.klandscapes.func,KLandscapeTreeZ,7,0,0,0,3,0,3,0,3,0
ecj,ec.app.knapsack,KnapsackProblem,616,162,122,28,79,25,83,6,9,5
ecj,ec.app.knapsack,KnapsackComponent,106,132,25,15,10,24,23,8,4,7
ecj,ec.app.experiments.Vanilla,ImageRender,1354,0,48,0,192,0,41,0,17,0
ecj,ec.app.experiments.Vanilla,ImageLoad,160,0,10,0,26,0,8,0,3,0
ecj,ec.eda.dovs,DOVSEvaluator,453,0,44,0,77,0,24,0,2,0
ecj,ec.eda.dovs,DOVSSpecies,466,0,34,0,75,0,25,0,8,0
ecj,ec.eda.dovs,HyperboxSpecies,482,0,38,0,87,0,24,0,5,0
ecj,ec.eda.dovs,DOVSBreeder,86,0,6,0,16,0,6,0,3,0
ecj,ec.eda.dovs,DOVSInitializer,133,0,8,0,20,0,6,0,2,0
ecj,ec.eda.dovs,DOVSDefaults,8,0,0,0,2,0,2,0,2,0
ecj,ec.eda.dovs,DOVSFitness,107,0,2,0,24,0,6,0,5,0
ecj,ec.eda.dovs,CornerMap.Pair,13,0,0,0,3,0,3,0,3,0
ecj,ec.eda.dovs,CornerMap,281,0,38,0,62,0,26,0,7,0
ecj,ec.multiobjective.nsga3,SelectorTools,976,0,98,0,154,0,63,0,14,0
ecj,ec.multiobjective.nsga3,NSGA3MultiObjectiveFitness,111,0,6,0,21,0,14,0,11,0
ecj,ec.multiobjective.nsga3,ReferencePoint,174,0,14,0,37,0,18,0,11,0
ecj,ec.multiobjective.nsga3,NSGA3Breeder,153,0,12,0,29,0,10,0,4,0
ecj,ec.multiobjective.nsga2,NSGA2Breeder.BreedingState,0,15,0,0,0,1,0,1,0,1
ecj,ec.multiobjective.nsga2,NSGA2MultiObjectiveFitness,170,3,10,0,26,1,14,1,9,1
ecj,ec.multiobjective.nsga2,NSGA2Breeder.new Comparator() {...},0,16,0,0,0,2,0,2,0,2
ecj,ec.multiobjective.nsga2,NSGA2Breeder.new Comparator() {...},0,23,0,0,0,3,0,2,0,2
ecj,ec.multiobjective.nsga2,NSGA2Breeder,158,403,6,34,16,70,7,22,2,7
ecj,ec.evolve,RandomRestarts,190,0,22,0,35,0,16,0,5,0
ecj,ec.breed,BufferedBreedingPipeline,113,0,8,0,23,0,11,0,7,0
ecj,ec.breed,MultiBreedingPipeline,189,0,20,0,38,0,16,0,6,0
ecj,ec.breed,RepeatPipeline,158,0,22,0,34,0,17,0,6,0
ecj,ec.breed,StubPipeline,58,0,0,0,15,0,5,0,5,0
ecj,ec.breed,InitializationPipeline,34,22,3,1,7,7,3,4,1,4
ecj,ec.breed,CheckingPipeline,120,0,8,0,27,0,10,0,6,0
ecj,ec.breed,GenerationSwitchPipeline,149,0,16,0,31,0,14,0,6,0
ecj,ec.breed,UniquePipeline,235,0,16,0,42,0,16,0,8,0
ecj,ec.breed,BreedDefaults,3,5,0,0,1,1,1,1,1,1
ecj,ec.breed,ReproductionPipeline,50,0,2,0,13,0,6,0,5,0
ecj,ec.breed,ForceBreedingPipeline,110,0,12,0,23,0,12,0,6,0
ecj,ec.breed,FirstCopyPipeline,105,0,6,0,23,0,9,0,6,0
ecj,ec.app.mona,Mona,194,0,10,0,32,0,11,0,6,0
ecj,ec.app.mona,MonaStatistics,89,0,8,0,14,0,7,0,3,0
ecj,ec.app.mona,Picture,673,0,20,0,130,0,26,0,16,0
ecj,ec.app.mona,MonaVectorIndividual,40,0,2,0,7,0,3,0,2,0
ecj,ec.app.highdimension,HighDimension,101,0,8,0,20,0,7,0,3,0
ecj,ec.spatial,SpatialMultiPopCoevolutionaryEvaluator,49,0,2,0,6,0,3,0,2,0
ecj,ec.spatial,Spatial1DSubpopulation,173,0,24,0,32,0,17,0,5,0
ecj,ec.spatial,SpatialTournamentSelection,184,0,18,0,31,0,13,0,4,0
ecj,ec.spatial,SpatialDefaults,8,0,0,0,2,0,2,0,2,0
ecj,ec.spatial,SpatialBreeder,219,0,20,0,32,0,13,0,3,0
ecj,ec.app.ordertree,OrderTree,171,0,27,0,38,0,20,0,5,0
ecj,ec.neat,NEATInitializer,116,0,10,0,20,0,7,0,2,0
ecj,ec.neat,NEATSubspecies,691,0,74,0,150,0,56,0,19,0
ecj,ec.neat,NEATNode.NodePlace,27,0,0,0,2,0,1,0,1,0
ecj,ec.neat,NEATNetwork,742,0,98,0,146,0,65,0,16,0
ecj,ec.neat,NEATSubspecies.new Comparator() {...},30,0,4,0,8,0,4,0,2,0
ecj,ec.neat,NEATGene,472,0,26,0,103,0,25,0,12,0
ecj,ec.neat,NEATSpecies.new Comparator() {...},40,0,4,0,8,0,4,0,2,0
ecj,ec.neat,NEATNode.FunctionType,9,0,0,0,2,0,1,0,1,0
ecj,ec.neat,NEATNode,585,0,34,0,161,0,39,0,22,0
ecj,ec.neat,NEATNode.NodeType,15,0,0,0,2,0,1,0,1,0
ecj,ec.neat,NEATSpecies.MutationType,15,0,0,0,2,0,1,0,1,0
ecj,ec.neat,NEATSpecies,1423,0,98,0,258,0,68,0,19,0
ecj,ec.neat,NEATIndividual,2443,0,302,0,499,0,180,0,29,0
ecj,ec.neat,NEATDefaults,8,0,0,0,2,0,2,0,2,0
ecj,ec.neat,NEATBreeder,53,0,4,0,10,0,5,0,3,0
ecj,ec.neat,NEATInnovation,276,0,12,0,84,0,16,0,10,0
ecj,ec.eda.pbil,PBILSpecies,95,553,14,50,5,72,15,25,1,7
ecj,ec.eda.pbil,PBILBreeder,71,0,6,0,13,0,6,0,3,0
ecj,ec.app.DMEtutorial.Fitness,OCVExtensions,241,0,16,0,43,0,11,0,3,0
ecj,ec.app.DMEtutorial.Fitness,Haar.ImageQueryData,481,0,28,0,66,0,29,0,15,0
ecj,ec.app.DMEtutorial.Fitness,SIFTFitness,286,0,16,0,56,0,12,0,4,0
ecj,ec.app.DMEtutorial.Fitness,MultiScaleSSIM,1426,0,66,0,176,0,39,0,6,0
ecj,ec.app.DMEtutorial.Fitness,PSDTools_Tests.ImageData,13,0,0,0,3,0,1,0,1,0
ecj,ec.app.DMEtutorial.Fitness,MSSIM,361,0,4,0,58,0,4,0,2,0
ecj,ec.app.DMEtutorial.Fitness,SURFFitness,199,0,6,0,35,0,5,0,2,0
ecj,ec.app.DMEtutorial.Fitness,Haar,1136,0,82,0,135,0,50,0,9,0
ecj,ec.app.DMEtutorial.Fitness,AKAZEFitness,201,0,10,0,40,0,8,0,3,0
ecj,ec.app.DMEtutorial.Fitness,PSDTools_Tests,1711,0,54,0,259,0,34,0,7,0
ecj,ec.app.DMEtutorial.Fitness,PSDTools,7,0,0,0,4,0,2,0,2,0
ecj,ec.app.DMEtutorial.Fitness,PSDExtensions.ImageToArrayStrategy,39,0,0,0,7,0,1,0,1,0
ecj,ec.app.DMEtutorial.Fitness,PSDTools_Tests.IntegrityTestThread,105,0,14,0,22,0,10,0,3,0
ecj,ec.app.DMEtutorial.Fitness,PSDExtensions,736,0,61,0,117,0,48,0,10,0
ecj,ec.app.royaltree.func,RoyalTreeNode,14,0,0,0,3,0,3,0,3,0
ecj,ec.app.royaltree.func,RoyalTreeX,7,0,0,0,3,0,3,0,3,0
ecj,ec.app.royaltree.func,RoyalTreeE,7,0,0,0,3,0,3,0,3,0
ecj,ec.app.royaltree.func,RoyalTreeD,7,0,0,0,3,0,3,0,3,0
ecj,ec.app.royaltree.func,RoyalTreeC,7,0,0,0,3,0,3,0,3,0
ecj,ec.app.royaltree.func,RoyalTreeB,7,0,0,0,3,0,3,0,3,0
ecj,ec.app.royaltree.func,RoyalTreeA,7,0,0,0,3,0,3,0,3,0
ecj,ec.app.ant.func,IfFoodAhead,389,0,26,0,43,0,21,0,5,0
ecj,ec.app.ant.func,Progn4,105,0,0,0,13,0,5,0,5,0
ecj,ec.app.ant.func,Move,271,0,38,0,38,0,27,0,5,0
ecj,ec.app.ant.func,Progn3,81,0,0,0,11,0,5,0,5,0
ecj,ec.app.ant.func,Progn2,57,0,0,0,9,0,5,0,5,0
ecj,ec.app.ant.func,Right,59,0,5,0,18,0,9,0,5,0
ecj,ec.app.ant.func,Left,59,0,5,0,18,0,9,0,5,0
ecj,ec.app.sum,Sum,74,0,8,0,15,0,7,0,3,0
ecj,ec.co.grasp,GreedyComponentSelector,22,62,11,15,0,17,11,7,0,5
ecj,ec.co.grasp,GraspSpecies,189,0,46,0,29,0,30,0,7,0
ecj,ec.co.grasp,SimpleConstructionRule,46,135,25,27,1,26,25,6,0,5
ecj,ec.app.experiments.Test,ProceduralTextureFitness,1940,0,10,0,231,0,10,0,5,0
ecj,ec.distributedME,Elite.new Comparator() {...},9,0,0,0,2,0,2,0,2,0
ecj,ec.distributedME,BehaviourEvaluation,3,0,0,0,1,0,1,0,1,0
ecj,ec.distributedME,Elite,313,0,28,0,80,0,42,0,28,0
ecj,ec.distributedME,MapElitesEvaluator,113,0,6,0,28,0,13,0,10,0
ecj,ec.distributedME,MapElitesCrossoverPipeline,1096,0,110,0,171,0,67,0,12,0
ecj,ec.distributedME,MapElitesBreedingSource,81,0,4,0,20,0,11,0,9,0
ecj,ec.distributedME,DistributedMEBreeder,221,0,18,0,36,0,17,0,8,0
ecj,ec.distributedME,MapElitesBreedingPipeline,506,0,62,0,80,0,43,0,12,0
ecj,ec.distributedME,EliteMap,961,0,62,0,154,0,54,0,23,0
ecj,ec.distributedME,DistributedMERandomSelection,77,0,6,0,16,0,9,0,6,0
ecj,ec.distributedME,DistributedMEEvolutionState,381,0,28,0,75,0,21,0,7,0
ecj,ec.distributedME,MapElitesProblem,69,0,0,0,16,0,4,0,4,0
ecj,ec.distributedME,MapElitesMultiBreedingPipeline,186,0,14,0,40,0,18,0,11,0
ecj,ec.distributedME,SimpleDistributedMEExchanger,14,0,0,0,8,0,8,0,8,0
ecj,ec.distributedME,DistributedMEExchanger.ExchangeInformation,3,0,0,0,1,0,1,0,1,0
ecj,ec.distributedME,MapElitesSelectionMethod,98,0,8,0,20,0,11,0,7,0
ecj,ec.distributedME,DistributedMEExchanger,771,0,58,0,85,0,37,0,8,0
ecj,ec.distributedME,MapElitesSpecies,172,0,0,0,37,0,7,0,7,0
ecj,ec.distributedME,QueueIndividual,9,0,0,0,4,0,1,0,1,0
ecj,ec.distributedME,DistributedMap,217,0,14,0,35,0,14,0,7,0
ecj,ec.distributedME,DistributedMEStatistics,916,0,66,0,119,0,40,0,7,0
ecj,ec.distributedME,MapElitesMutationPipeline,465,0,44,0,88,0,33,0,11,0
ecj,ec.distributedME,MapElitesGPSpecies,110,0,4,0,25,0,8,0,6,0
ecj,ec.distributedME,MapElitesDefaults,8,0,0,0,2,0,2,0,2,0
ecj,ec.distributedME,Behaviours,190,0,10,0,31,0,14,0,9,0
ecj,ec.distributedME,DistributedMEInitializer,42,0,0,0,12,0,4,0,4,0
ecj,ec.distributedME,MapElitesTournamentSelection,204,0,18,0,35,0,18,0,9,0
ecj,ec.app.majority,MajorityGA,1053,0,64,0,97,0,42,0,10,0
ecj,ec.app.majority,MajorityGP,548,0,62,0,91,0,40,0,9,0
ecj,ec.app.majority,CA,284,0,32,0,52,0,25,0,9,0
ecj,ec.app.majority,MajorityData,15,0,0,0,5,0,2,0,2,0
ecj,ec.app.xor,XOR,222,0,16,0,29,0,10,0,2,0
ecj,ec.vector.breed,MultipleVectorCrossoverPipeline,295,0,24,0,45,0,19,0,7,0
ecj,ec.vector.breed,VectorCrossoverPipeline,74,196,9,17,9,40,9,11,0,7
ecj,ec.vector.breed,VectorMutationPipeline,2,57,1,3,1,10,1,5,0,4
ecj,ec.vector.breed,GeneDuplicationPipeline,143,0,10,0,27,0,9,0,4,0
ecj,ec.vector.breed,ListCrossoverPipeline,923,0,80,0,143,0,49,0,9,0
ecj,ec,Subpopulation,641,156,63,11,97,36,45,8,10,6
ecj,ec,Finisher,0,3,0,0,0,1,0,1,0,1
ecj,ec,Exchanger,5,3,0,0,4,1,4,1,4,1
ecj,ec,Individual,218,54,2,2,49,11,17,6,16,5
ecj,ec,Statistics,313,162,41,15,46,31,36,12,8,12
ecj,ec,Species,75,99,0,0,19,19,3,6,3,6
ecj,ec,Breeder,0,3,0,0,0,1,0,1,0,1
ecj,ec,Evaluator,81,112,18,18,11,21,20,7,3,6
ecj,ec,Population,374,145,30,10,56,24,26,7,9,4
ecj,ec,Fitness,437,69,41,7,79,22,39,10,17,8
ecj,ec,Problem,23,10,0,0,9,6,6,6,6,6
ecj,ec,Initializer,0,3,0,0,0,1,0,1,0,1
ecj,ec,BreedingPipeline,230,359,37,43,33,55,33,20,5,8
ecj,ec,SelectionMethod,20,89,3,9,3,19,3,10,0,7
ecj,ec,Evolve,725,281,78,18,135,56,52,8,6,6
ecj,ec,EvolutionState,161,327,24,14,35,67,23,6,6,4
ecj,ec,ECDefaults,3,5,0,0,1,1,1,1,1,1
ecj,ec,BreedingSource,56,25,3,1,11,7,7,4,5,4
ecj,ec.app.experiments.Functions,Func_Math.Mul,44,0,0,0,10,0,4,0,4,0
ecj,ec.app.experiments.Functions,Func_Math.Floor,29,0,0,0,8,0,4,0,4,0
ecj,ec.app.experiments.Functions,Func_Math.Tan,39,0,4,0,11,0,6,0,4,0
ecj,ec.app.experiments.Functions,Func_Math.Abs,29,0,0,0,8,0,4,0,4,0
ecj,ec.app.experiments.Functions,Func_Ephemeral.Eph_10,38,0,4,0,7,0,5,0,3,0
ecj,ec.app.experiments.Functions,Func_Math.Ceil,29,0,0,0,8,0,4,0,4,0
ecj,ec.app.experiments.Functions,Func_Math.Sqrt,30,0,0,0,8,0,4,0,4,0
ecj,ec.app.experiments.Functions,Func_Math,9,0,0,0,3,0,3,0,3,0
ecj,ec.app.experiments.Functions,Func_Ephemeral.Eph_1,36,0,4,0,7,0,5,0,3,0
ecj,ec.app.experiments.Functions,Func_Math.LogE,29,0,0,0,8,0,4,0,4,0
ecj,ec.app.experiments.Functions,Func_Math.Min,44,0,0,0,10,0,4,0,4,0
ecj,ec.app.experiments.Functions,Func_Variable,9,0,0,0,4,0,4,0,4,0
ecj,ec.app.experiments.Functions,Func_Math.Sub,44,0,0,0,10,0,4,0,4,0
ecj,ec.app.experiments.Functions,Func_Math.Sin,29,0,0,0,8,0,4,0,4,0
ecj,ec.app.experiments.Functions,Func_Math.Round,30,0,0,0,8,0,4,0,4,0
ecj,ec.app.experiments.Functions,Func_Math.Div,50,0,2,0,10,0,5,0,4,0
ecj,ec.app.experiments.Functions,Func_Math.Max,44,0,0,0,10,0,4,0,4,0
ecj,ec.app.experiments.Functions,Func_Math.Log10,29,0,0,0,8,0,4,0,4,0
ecj,ec.app.experiments.Functions,Func_Math.Square,30,0,0,0,8,0,4,0,4,0
ecj,ec.app.experiments.Functions,Func_Conditional,9,0,0,0,3,0,3,0,3,0
ecj,ec.app.experiments.Functions,Func_Variable.Pos_X,36,0,2,0,7,0,4,0,3,0
ecj,ec.app.experiments.Functions,Func_Variable.Pos_Y,36,0,2,0,7,0,4,0,3,0
ecj,ec.app.experiments.Functions,Func_Math.Cube,30,0,0,0,8,0,4,0,4,0
ecj,ec.app.experiments.Functions,Func_Math.Avg,46,0,0,0,10,0,4,0,4,0
ecj,ec.app.experiments.Functions,Func_Ephemeral.Eph_100,38,0,4,0,7,0,5,0,3,0
ecj,ec.app.experiments.Functions,Func_Math.Neg,30,0,0,0,8,0,4,0,4,0
ecj,ec.app.experiments.Functions,Func_Math.Lerp,72,0,0,0,15,0,4,0,4,0
ecj,ec.app.experiments.Functions,Func_Ephemeral,94,0,6,0,26,0,15,0,12,0
ecj,ec.app.experiments.Functions,Func_Math.Pow,44,0,0,0,10,0,4,0,4,0
ecj,ec.app.experiments.Functions,Func_Math.Exp,29,0,0,0,8,0,4,0,4,0
ecj,ec.app.experiments.Functions,Func_Math.Add,44,0,0,0,10,0,4,0,4,0
ecj,ec.app.experiments.Functions,Func_Math.Cos,29,0,0,0,8,0,4,0,4,0
ecj,ec.app.experiments.Functions,Func_Conditional.IfGT,62,0,2,0,12,0,5,0,4,0
ecj,ec.app.royaltree,RoyalTree,194,0,22,0,41,0,16,0,5,0
ecj,ec.vector,ShortVectorIndividual,1326,0,151,0,205,0,103,0,24,0
ecj,ec.vector,VectorDefaults,3,5,0,0,1,1,1,1,1,1
ecj,ec.vector,GeneVectorSpecies,31,0,0,0,7,0,2,0,2,0
ecj,ec.vector,BitVectorSpecies,171,0,14,0,32,0,11,0,4,0
ecj,ec.vector,IntegerVectorIndividual,1221,90,147,4,187,18,95,8,17,7
ecj,ec.vector,LongVectorIndividual,1379,0,163,0,219,0,111,0,26,0
ecj,ec.vector,VectorIndividual,23,7,0,0,12,2,10,2,10,2
ecj,ec.vector,VectorSpecies,1176,435,118,44,155,78,80,19,6,12
ecj,ec.vector,FloatVectorIndividual,2154,0,237,0,345,0,155,0,31,0
ecj,ec.vector,IntegerVectorSpecies,600,315,82,26,87,53,55,9,4,6
ecj,ec.vector,FloatVectorSpecies,924,505,110,42,123,86,78,11,3,10
ecj,ec.vector,DoubleVectorIndividual,1453,655,183,54,234,112,128,27,19,12
ecj,ec.vector,Gene,91,0,0,0,19,0,14,0,14,0
ecj,ec.vector,ByteVectorIndividual,1326,0,151,0,205,0,103,0,24,0
ecj,ec.vector,BitVectorIndividual,807,38,87,4,142,8,64,5,18,3
ecj,ec.vector,GeneVectorIndividual,922,0,94,0,153,0,70,0,21,0
ecj,ec.app.parity.func,And,35,0,2,0,7,0,5,0,4,0
ecj,ec.app.parity.func,D0,18,0,0,0,5,0,4,0,4,0
ecj,ec.app.parity.func,D1,18,0,0,0,5,0,4,0,4,0
ecj,ec.app.parity.func,D2,18,0,0,0,5,0,4,0,4,0
ecj,ec.app.parity.func,D3,18,0,0,0,5,0,4,0,4,0
ecj,ec.app.parity.func,D8,18,0,0,0,5,0,4,0,4,0
ecj,ec.app.parity.func,D9,18,0,0,0,5,0,4,0,4,0
ecj,ec.app.parity.func,D4,18,0,0,0,5,0,4,0,4,0
ecj,ec.app.parity.func,D5,18,0,0,0,5,0,4,0,4,0
ecj,ec.app.parity.func,D6,18,0,0,0,5,0,4,0,4,0
ecj,ec.app.parity.func,D7,18,0,0,0,5,0,4,0,4,0
ecj,ec.app.parity.func,Nor,42,0,2,0,9,0,5,0,4,0
ecj,ec.app.parity.func,Or,34,0,2,0,7,0,5,0,4,0
ecj,ec.app.parity.func,Nand,43,0,2,0,9,0,5,0,4,0
ecj,ec.app.parity.func,D29,18,0,0,0,5,0,4,0,4,0
ecj,ec.app.parity.func,D28,18,0,0,0,5,0,4,0,4,0
ecj,ec.app.parity.func,D27,18,0,0,0,5,0,4,0,4,0
ecj,ec.app.parity.func,D26,18,0,0,0,5,0,4,0,4,0
ecj,ec.app.parity.func,D31,18,0,0,0,5,0,4,0,4,0
ecj,ec.app.parity.func,D30,18,0,0,0,5,0,4,0,4,0
ecj,ec.app.parity.func,D19,18,0,0,0,5,0,4,0,4,0
ecj,ec.app.parity.func,D18,18,0,0,0,5,0,4,0,4,0
ecj,ec.app.parity.func,D17,18,0,0,0,5,0,4,0,4,0
ecj,ec.app.parity.func,D16,18,0,0,0,5,0,4,0,4,0
ecj,ec.app.parity.func,D15,18,0,0,0,5,0,4,0,4,0
ecj,ec.app.parity.func,D25,18,0,0,0,5,0,4,0,4,0
ecj,ec.app.parity.func,D24,18,0,0,0,5,0,4,0,4,0
ecj,ec.app.parity.func,D23,18,0,0,0,5,0,4,0,4,0
ecj,ec.app.parity.func,D22,18,0,0,0,5,0,4,0,4,0
ecj,ec.app.parity.func,D21,18,0,0,0,5,0,4,0,4,0
ecj,ec.app.parity.func,D20,18,0,0,0,5,0,4,0,4,0
ecj,ec.app.parity.func,D14,18,0,0,0,5,0,4,0,4,0
ecj,ec.app.parity.func,D13,18,0,0,0,5,0,4,0,4,0
ecj,ec.app.parity.func,D12,18,0,0,0,5,0,4,0,4,0
ecj,ec.app.parity.func,D11,18,0,0,0,5,0,4,0,4,0
ecj,ec.app.parity.func,D10,18,0,0,0,5,0,4,0,4,0
ecj,ec.app.bbob,BBOBenchmarks,1688,5962,181,497,235,834,143,273,4,35
ecj,ec.app.parity,ParityData,9,0,0,0,2,0,2,0,2,0
ecj,ec.app.parity,Parity,176,0,20,0,29,0,13,0,3,0
ecj,ec.app.singular,Singular,108,0,4,0,13,0,5,0,3,0
ecj,ec.app.gui,SimpleXYSeriesChartStatistics,111,0,8,0,16,0,7,0,3,0
ecj,ec.app.gui,SimpleBarChartStatistics,108,0,8,0,16,0,7,0,3,0
ecj,ec.app.multiplexerslow,Multiplexer,220,0,20,0,32,0,14,0,4,0
ecj,ec.app.multiplexerslow,MultiplexerData,9,0,0,0,2,0,2,0,2,0
ecj,ec.app.push,Regression,358,0,40,0,61,0,24,0,4,0
ecj,ec.app.push,Atan,24,0,2,0,8,0,3,0,2,0
ecj,ec.app.push,Print,18,0,2,0,6,0,3,0,2,0
ecj,ec.exchange,InterPopulationExchange,807,0,60,0,86,0,38,0,8,0
ecj,ec.exchange,IslandExchangeServer,1436,0,112,0,247,0,62,0,6,0
ecj,ec.exchange,IslandExchangeServer.IslandExchangeIslandInfo,3,0,0,0,1,0,1,0,1,0
ecj,ec.exchange,InterPopulationExchange.IPEInformation,3,0,0,0,1,0,1,0,1,0
ecj,ec.exchange,IslandExchange,1370,0,82,0,282,0,57,0,16,0
ecj,ec.exchange,IslandExchangeMailbox,531,0,28,0,110,0,18,0,4,0
ecj,ec.app.experiments.WaveletExperiment.wavelets.wavelet_util,noise_filter.sort_by_index,31,0,4,0,9,0,4,0,2,0
ecj,ec.app.experiments.WaveletExperiment.wavelets.wavelet_util,bell_curves.bin,6,0,0,0,1,0,1,0,1,0
ecj,ec.app.experiments.WaveletExperiment.wavelets.wavelet_util,noise_filter,647,0,46,0,143,0,36,0,13,0
ecj,ec.app.experiments.WaveletExperiment.wavelets.wavelet_util,bell_curves.low_high,18,0,0,0,5,0,2,0,2,0
ecj,ec.app.experiments.WaveletExperiment.wavelets.wavelet_util,noise_filter.bell_info,18,0,0,0,5,0,2,0,2,0
ecj,ec.app.experiments.WaveletExperiment.wavelets.wavelet_util,bell_curves,502,0,38,0,120,0,27,0,8,0
ecj,ec.app.experiments.WaveletExperiment.wavelets.wavelet_util,noise_filter.point,12,0,0,0,4,0,1,0,1,0
ecj,ec.app.experiments.WaveletExperiment.wavelets.wavelet_util,binary,40,0,2,0,9,0,5,0,4,0
ecj,ec.app.experiments.WaveletExperiment.wavelets.wavelet_util,bell_curves.bell_info,18,0,0,0,5,0,2,0,2,0
ecj,ec.app.experiments.WaveletExperiment.wavelets.wavelet_util,plot,37,0,0,0,9,0,2,0,2,0
ecj,ec.app.experiments.WaveletExperiment.wavelets.wavelet_util,noise_filter.sort_by_val,33,0,4,0,9,0,4,0,2,0
ecj,ec.app.experiments.WaveletExperiment.wavelets.wavelet_util,noise_filter.bin,14,0,0,0,2,0,1,0,1,0
ecj,ec.app.experiments.WaveletExperiment.wavelets.wavelet_util,coef_spectrum,194,0,20,0,51,0,16,0,6,0
ecj,ec.app.experiments.WaveletExperiment.wavelets.wavelet_util,gnuplot3D,116,0,10,0,32,0,8,0,3,0
ecj,ec.multiobjective.spea2,SPEA2Breeder.BreedingState,0,15,0,0,0,1,0,1,0,1
ecj,ec.multiobjective.spea2,SPEA2Breeder,61,723,13,63,9,121,13,41,0,16
ecj,ec.multiobjective.spea2,SPEA2MultiObjectiveFitness,149,43,2,2,23,3,8,4,7,3
ecj,ec.co,Component,39,3,0,0,4,1,2,1,2,1
ecj,ec.co,ConstructiveBreeder,74,0,10,0,11,0,9,0,4,0
ecj,ec.co,ConstructiveIndividual,53,276,28,34,4,54,30,19,2,16
ecj,ec.app.experiments.SSIMExperiment.Vanilla,ProceduralTextureFitness,107,0,4,0,28,0,6,0,4,0
ecj,ec.app.experiments.WaveletExperiment.wavelets.sort,generic_sort,97,0,18,0,25,0,13,0,4,0
ecj,ec.app.experiments.WaveletExperiment.wavelets.sort,qsort,91,0,18,0,25,0,13,0,4,0
ecj,ec.app.nk,NK,208,0,20,0,35,0,13,0,3,0
ecj,ec.app.experiments.DME,ImageLoad,185,0,12,0,29,0,9,0,3,0
ecj,ec.app.experiments.DME,ColourHistogramFitness,98,0,4,0,18,0,6,0,4,0
ecj,ec.app.experiments.DME,ImageRender,1909,0,84,0,276,0,64,0,21,0
ecj,ec.gp.ge.breed,GECrossoverPipeline,79,0,8,0,9,0,7,0,3,0
ecj,ec.gp.ge.breed,GETruncationPipeline,86,0,6,0,16,0,7,0,4,0
ecj,ec.app.experiments.WaveletExperiment.VanillaPT,ProceduralTextureFitness,153,0,4,0,33,0,6,0,4,0
ecj,ec.app.gpsemantics.func,SemanticNode,19,0,0,0,4,0,4,0,4,0
ecj,ec.app.gpsemantics.func,SemanticExtra,15,0,0,0,3,0,3,0,3,0
ecj,ec.app.gpsemantics.func,SemanticN8,7,0,0,0,3,0,3,0,3,0
ecj,ec.app.gpsemantics.func,SemanticN7,7,0,0,0,3,0,3,0,3,0
ecj,ec.app.gpsemantics.func,SemanticN9,7,0,0,0,3,0,3,0,3,0
ecj,ec.app.gpsemantics.func,SemanticN4,7,0,0,0,3,0,3,0,3,0
ecj,ec.app.gpsemantics.func,SemanticN3,7,0,0,0,3,0,3,0,3,0
ecj,ec.app.gpsemantics.func,SemanticN6,7,0,0,0,3,0,3,0,3,0
ecj,ec.app.gpsemantics.func,SemanticN5,7,0,0,0,3,0,3,0,3,0
ecj,ec.app.gpsemantics.func,SemanticN0,7,0,0,0,3,0,3,0,3,0
ecj,ec.app.gpsemantics.func,SemanticN2,7,0,0,0,3,0,3,0,3,0
ecj,ec.app.gpsemantics.func,SemanticN1,7,0,0,0,3,0,3,0,3,0
ecj,ec.app.gpsemantics.func,SemanticJ,11,0,0,0,5,0,5,0,5,0
ecj,ec.app.gpsemantics.func,SemanticX13,7,0,0,0,3,0,3,0,3,0
ecj,ec.app.gpsemantics.func,SemanticX12,7,0,0,0,3,0,3,0,3,0
ecj,ec.app.gpsemantics.func,SemanticX11,7,0,0,0,3,0,3,0,3,0
ecj,ec.app.gpsemantics.func,SemanticX10,7,0,0,0,3,0,3,0,3,0
ecj,ec.app.gpsemantics.func,SemanticX16,7,0,0,0,3,0,3,0,3,0
ecj,ec.app.gpsemantics.func,SemanticX15,7,0,0,0,3,0,3,0,3,0
ecj,ec.app.gpsemantics.func,SemanticX14,7,0,0,0,3,0,3,0,3,0
ecj,ec.app.gpsemantics.func,SemanticX0,7,0,0,0,3,0,3,0,3,0
ecj,ec.app.gpsemantics.func,SemanticX9,7,0,0,0,3,0,3,0,3,0
ecj,ec.app.gpsemantics.func,SemanticX6,7,0,0,0,3,0,3,0,3,0
ecj,ec.app.gpsemantics.func,SemanticX5,7,0,0,0,3,0,3,0,3,0
ecj,ec.app.gpsemantics.func,SemanticX8,7,0,0,0,3,0,3,0,3,0
ecj,ec.app.gpsemantics.func,SemanticX7,7,0,0,0,3,0,3,0,3,0
ecj,ec.app.gpsemantics.func,SemanticX2,7,0,0,0,3,0,3,0,3,0
ecj,ec.app.gpsemantics.func,SemanticX1,7,0,0,0,3,0,3,0,3,0
ecj,ec.app.gpsemantics.func,SemanticX4,7,0,0,0,3,0,3,0,3,0
ecj,ec.app.gpsemantics.func,SemanticX3,7,0,0,0,3,0,3,0,3,0
ecj,ec.app.gpsemantics.func,SemanticN15,7,0,0,0,3,0,3,0,3,0
ecj,ec.app.gpsemantics.func,SemanticN14,7,0,0,0,3,0,3,0,3,0
ecj,ec.app.gpsemantics.func,SemanticN13,7,0,0,0,3,0,3,0,3,0
ecj,ec.app.gpsemantics.func,SemanticN12,7,0,0,0,3,0,3,0,3,0
ecj,ec.app.gpsemantics.func,SemanticN16,7,0,0,0,3,0,3,0,3,0
ecj,ec.app.gpsemantics.func,SemanticN11,7,0,0,0,3,0,3,0,3,0
ecj,ec.app.gpsemantics.func,SemanticN10,7,0,0,0,3,0,3,0,3,0
ecj,ec.gp.koza,KozaBuilder,354,0,38,0,62,0,23,0,4,0
ecj,ec.gp.koza,KozaShortStatistics,536,0,38,0,62,0,26,0,7,0
ecj,ec.gp.koza,FullBuilder,32,0,0,0,3,0,3,0,3,0
ecj,ec.gp.koza,KozaFitness,223,33,13,5,41,7,21,6,13,5
ecj,ec.gp.koza,GrowBuilder,34,0,0,0,4,0,3,0,3,0
ecj,ec.gp.koza,HalfBuilder,102,0,4,0,13,0,6,0,4,0
ecj,ec.gp.koza,MutationPipeline,463,0,44,0,86,0,29,0,7,0
ecj,ec.gp.koza,GPKozaDefaults,7,0,0,0,2,0,2,0,2,0
ecj,ec.gp.koza,KozaNodeSelector,267,0,22,0,50,0,17,0,6,0
ecj,ec.gp.koza,CrossoverPipeline,1119,0,116,0,166,0,66,0,8,0
ecj,ec.simple,SimpleEvaluator.SimpleEvaluatorThread,159,0,12,0,30,0,8,0,2,0
ecj,ec.simple,SimpleEvaluator,419,254,46,20,59,51,31,10,3,5
ecj,ec.simple,SimpleBreeder.EliteComparator,38,0,0,0,3,0,3,0,3,0
ecj,ec.simple,SimpleEvolutionState,96,175,13,11,16,36,11,5,1,3
ecj,ec.simple,SimpleFitness,140,40,11,5,29,9,17,6,10,5
ecj,ec.simple,SimpleShortStatistics,526,653,80,54,48,107,65,19,6,11
ecj,ec.simple,SimpleBreederThread,17,0,0,0,3,0,2,0,2,0
ecj,ec.simple,SimpleExchanger,2,13,0,0,2,6,2,6,2,6
ecj,ec.simple,SimpleBreeder,784,674,65,61,82,97,46,29,3,9
ecj,ec.simple,SimpleInitializer,0,34,0,0,0,9,0,4,0,4
ecj,ec.simple,SimpleStatistics,399,126,62,4,44,22,36,5,4,4
ecj,ec.simple,SimpleDefaults,8,0,0,0,2,0,2,0,2,0
ecj,ec.simple,SimpleFinisher,1,4,0,0,1,2,1,2,1,2
ecj,ec.app.experiments.SSIMExperiment.DME,ProceduralTextureFitness,104,0,4,0,27,0,6,0,4,0
ecj,ec.select,BoltzmannSelection,191,0,14,0,29,0,12,0,5,0
ecj,ec.select,SelectDefaults,3,5,0,0,1,1,1,1,1,1
ecj,ec.select,BestSelection.new SortComparatorL() {...},41,0,0,0,5,0,3,0,3,0
ecj,ec.select,RandomSelection,92,7,10,0,15,2,9,2,4,2
ecj,ec.select,FitProportionateSelection,91,0,4,0,15,0,7,0,5,0
ecj,ec.select,AnnealedSelection,214,0,22,0,37,0,17,0,6,0
ecj,ec.select,GreedyOverselection.new SortComparatorL() {...},41,0,0,0,5,0,3,0,3,0
ecj,ec.select,GreedyOverselection,318,0,22,0,51,0,17,0,6,0
ecj,ec.select,LexicaseSelection,71,266,22,34,4,42,21,12,0,5
ecj,ec.select,SigmaScalingSelection,217,0,16,0,31,0,13,0,5,0
ecj,ec.select,SUSSelection,288,0,20,0,44,0,16,0,6,0
ecj,ec.select,BestSelection,430,0,36,0,61,0,25,0,7,0
ecj,ec.select,MultiSelection,325,0,26,0,53,0,21,0,8,0
ecj,ec.select,TopSelection,124,0,14,0,31,0,13,0,6,0
ecj,ec.select,FirstSelection,73,0,10,0,16,0,11,0,6,0
ecj,ec.select,TournamentSelection,67,145,10,8,10,25,9,9,2,7
ecj,ec.app.experiments.LuminosityColorExperiment.DME,ProceduralTextureFitness,103,0,4,0,21,0,6,0,4,0
ecj,ec.app.experiments.WaveletExperiment.DME,ProceduralTextureFitness,101,0,2,0,23,0,5,0,4,0
ecj,ec.steadystate,SteadyStateDefaults,8,0,0,0,2,0,2,0,2,0
ecj,ec.steadystate,SteadyStateEvolutionState,845,0,98,0,142,0,56,0,7,0
ecj,ec.steadystate,SteadyStateBreeder,369,0,30,0,56,0,22,0,7,0
ecj,ec.steadystate,QueueIndividual,9,0,0,0,4,0,1,0,1,0
ecj,ec.steadystate,SteadyStateEvaluator,110,0,12,0,28,0,14,0,8,0
ecj,ec.app.multiplexerslow.func,And,35,0,2,0,7,0,5,0,4,0
ecj,ec.app.multiplexerslow.func,A1,18,0,0,0,5,0,4,0,4,0
ecj,ec.app.multiplexerslow.func,A0,18,0,0,0,5,0,4,0,4,0
ecj,ec.app.multiplexerslow.func,A2,18,0,0,0,5,0,4,0,4,0
ecj,ec.app.multiplexerslow.func,D0,18,0,0,0,5,0,4,0,4,0
ecj,ec.app.multiplexerslow.func,D2,18,0,0,0,5,0,4,0,4,0
ecj,ec.app.multiplexerslow.func,D1,18,0,0,0,5,0,4,0,4,0
ecj,ec.app.multiplexerslow.func,D4,18,0,0,0,5,0,4,0,4,0
ecj,ec.app.multiplexerslow.func,D3,18,0,0,0,5,0,4,0,4,0
ecj,ec.app.multiplexerslow.func,D6,18,0,0,0,5,0,4,0,4,0
ecj,ec.app.multiplexerslow.func,D5,18,0,0,0,5,0,4,0,4,0
ecj,ec.app.multiplexerslow.func,D7,18,0,0,0,5,0,4,0,4,0
ecj,ec.app.multiplexerslow.func,If,47,0,2,0,8,0,5,0,4,0
ecj,ec.app.multiplexerslow.func,Or,34,0,2,0,7,0,5,0,4,0
ecj,ec.app.multiplexerslow.func,Not,26,0,0,0,6,0,4,0,4,0
ecj,ec.proctexture,Experiment,141,0,10,0,25,0,8,0,3,0
ecj,ec.proctexture,Func_Math.Cube,30,0,0,0,8,0,4,0,4,0
ecj,ec.proctexture,Func_Conditional.If,57,0,4,0,12,0,6,0,4,0
ecj,ec.proctexture,SaveImagesStatistics,317,0,22,0,52,0,16,0,5,0
ecj,ec.proctexture,Func_Conditional.IF_double,46,0,2,0,10,0,5,0,4,0
ecj,ec.proctexture,Func_Conditional.bIf,37,0,2,0,9,0,5,0,4,0
ecj,ec.proctexture,Func_Math.Abs,29,0,0,0,8,0,4,0,4,0
ecj,ec.proctexture,Func_Math.Sqrt,30,0,0,0,8,0,4,0,4,0
ecj,ec.proctexture,Func_Math.Add,44,0,0,0,10,0,4,0,4,0
ecj,ec.proctexture,PSDTools_Tests,1711,0,54,0,259,0,34,0,7,0
ecj,ec.proctexture,Func_Math.Exp,29,0,0,0,8,0,4,0,4,0
ecj,ec.proctexture,Func_Math.Pow,44,0,0,0,10,0,4,0,4,0
ecj,ec.proctexture,Func_Conditional.IF_vector,46,0,2,0,10,0,5,0,4,0
ecj,ec.proctexture,Func_Conditional.IfGT,62,0,2,0,12,0,5,0,4,0
ecj,ec.proctexture,Func_Conditional.IfG0,48,0,2,0,10,0,5,0,4,0
ecj,ec.proctexture,Func_Math.Cos,29,0,0,0,8,0,4,0,4,0
ecj,ec.proctexture,Func_Math.Neg,30,0,0,0,8,0,4,0,4,0
ecj,ec.proctexture,Func_Math.Round,30,0,0,0,8,0,4,0,4,0
ecj,ec.proctexture,PSDExtensions.ImageToArrayStrategy,39,0,0,0,7,0,1,0,1,0
ecj,ec.proctexture,Func_Math,9,0,0,0,3,0,3,0,3,0
ecj,ec.proctexture,MultiData,288,0,15,0,43,0,29,0,20,0
ecj,ec.proctexture,Func_Conditional.bIfGT,48,0,2,0,10,0,5,0,4,0
ecj,ec.proctexture,Func_Conditional.IF_texture,46,0,2,0,10,0,5,0,4,0
ecj,ec.proctexture,Func_Conditional.bIfG0,34,0,2,0,8,0,5,0,4,0
ecj,ec.proctexture,ImageRender,347,0,20,0,57,0,20,0,10,0
ecj,ec.proctexture,Func_Ephemeral,94,0,6,0,23,0,15,0,12,0
ecj,ec.proctexture,Func_Math.Lerp,72,0,0,0,15,0,4,0,4,0
ecj,ec.proctexture,Func_Variable.Pos_T,17,0,0,0,5,0,3,0,3,0
ecj,ec.proctexture,Func_Variable.Pos_Z,17,0,0,0,5,0,3,0,3,0
ecj,ec.proctexture,Func_Variable.Pos_Y,17,0,0,0,5,0,3,0,3,0
ecj,ec.proctexture,Func_Variable.Pos_X,17,0,0,0,5,0,3,0,3,0
ecj,ec.proctexture,Func_Ephemeral.Eph_1,36,0,4,0,7,0,5,0,3,0
ecj,ec.proctexture,Func_Ephemeral.Eph_100,38,0,4,0,7,0,5,0,3,0
ecj,ec.proctexture,Func_Math.Tan,39,0,4,0,11,0,6,0,4,0
ecj,ec.proctexture,Func_Math.Floor,29,0,0,0,8,0,4,0,4,0
ecj,ec.proctexture,PSDExtensions,438,0,27,0,68,0,22,0,6,0
ecj,ec.proctexture,Func_Math.Mul,44,0,0,0,10,0,4,0,4,0
ecj,ec.proctexture,CoordinateVariable,39,0,0,0,7,0,1,0,1,0
ecj,ec.proctexture,Func_Math.Heavyside,34,0,2,0,8,0,5,0,4,0
ecj,ec.proctexture,Func_Math.Div,50,0,2,0,10,0,5,0,4,0
ecj,ec.proctexture,Func_Math.Ceil,29,0,0,0,8,0,4,0,4,0
ecj,ec.proctexture,Func_Math.Sin,29,0,0,0,8,0,4,0,4,0
ecj,ec.proctexture,PSDTools,7,0,0,0,4,0,2,0,2,0
ecj,ec.proctexture,SSIM,451,0,12,0,53,0,16,0,10,0
ecj,ec.proctexture,Func_Math.Sub,44,0,0,0,10,0,4,0,4,0
ecj,ec.proctexture,Func_Math.Min,44,0,0,0,10,0,4,0,4,0
ecj,ec.proctexture,Func_Math.Max,44,0,0,0,10,0,4,0,4,0
ecj,ec.proctexture,DirectMatch,57,0,4,0,11,0,4,0,2,0
ecj,ec.proctexture,PSDTools_Tests.IntegrityTestThread,105,0,14,0,22,0,10,0,3,0
ecj,ec.proctexture,MultiData.MultiDataType,27,0,0,0,5,0,1,0,1,0
ecj,ec.proctexture,Func_Variable,46,0,2,0,7,0,6,0,5,0
ecj,ec.proctexture,Func_Variable.Pos_Rho,17,0,0,0,5,0,3,0,3,0
ecj,ec.proctexture,Func_Conditional,9,0,0,0,3,0,3,0,3,0
ecj,ec.proctexture,PSDTools_Tests.ImageData,13,0,0,0,3,0,1,0,1,0
ecj,ec.proctexture,Func_Variable.Pos_Phi,17,0,0,0,5,0,3,0,3,0
ecj,ec.proctexture,HistogramFitness,151,0,8,0,29,0,7,0,3,0
ecj,ec.proctexture,Func_Math.Log10,29,0,0,0,8,0,4,0,4,0
ecj,ec.proctexture,Func_Math.Avg,46,0,0,0,10,0,4,0,4,0
ecj,ec.proctexture,Func_Ephemeral.Eph_10,38,0,4,0,7,0,5,0,3,0
ecj,ec.proctexture,Func_Math.LogE,29,0,0,0,8,0,4,0,4,0
ecj,ec.proctexture,ColorHistogram,481,0,38,0,84,0,31,0,12,0
ecj,ec.proctexture,TextureIndividual,3,0,0,0,1,0,1,0,1,0
ecj,ec.proctexture,ColorHistogram.HistThread,25,0,0,0,8,0,2,0,2,0
ecj,ec.proctexture,Func_Math.Square,30,0,0,0,8,0,4,0,4,0
ecj,ec.gp.ge,GESpecies.BigTreeException,3,0,0,0,1,0,1,0,1,0
ecj,ec.gp.ge,GEProblem,347,0,24,0,74,0,26,0,14,0
ecj,ec.gp.ge,GESpecies.new Comparator() {...},22,0,4,0,5,0,4,0,2,0
ecj,ec.gp.ge,GEDefaults,8,0,0,0,2,0,2,0,2,0
ecj,ec.gp.ge,GrammarParser,804,0,64,0,157,0,50,0,18,0
ecj,ec.gp.ge,GEIndividual,84,0,4,0,16,0,4,0,2,0
ecj,ec.gp.ge,GrammarNode,111,0,16,0,23,0,12,0,4,0
ecj,ec.gp.ge,GrammarFunctionNode,89,0,6,0,15,0,10,0,7,0
ecj,ec.gp.ge,GrammarRuleNode,93,0,10,0,22,0,11,0,6,0
ecj,ec.gp.ge,GESpecies,1275,0,102,0,244,0,69,0,18,0
ecj,ec.app.experiments.LuminosityColorExperiment.VanillaPT,ProceduralTextureFitness,104,0,4,0,21,0,6,0,4,0
ecj,ec.app.sat,SAT,139,0,10,0,32,0,8,0,3,0
ecj,ec.app.sat,SAT.Clause,73,0,10,0,13,0,7,0,2,0
ecj,ec.eval,MetaProblem,1157,0,110,0,183,0,63,0,8,0
ecj,ec.eval,SlaveConnection,622,0,34,0,119,0,28,0,11,0
ecj,ec.eval,Job,79,0,8,0,13,0,7,0,3,0
ecj,ec.eval,SlaveMonitor.new Runnable() {...},182,0,16,0,34,0,10,0,2,0
ecj,ec.eval,SlaveConnection.new Runnable() {...},12,0,2,0,2,0,3,0,2,0
ecj,ec.eval,SlaveConnection.new Runnable() {...},12,0,2,0,2,0,3,0,2,0
ecj,ec.eval,Slave,1553,0,146,0,291,0,80,0,6,0
ecj,ec.eval,SlaveMonitor,711,0,42,0,167,0,38,0,17,0
ecj,ec.eval,MasterProblem,670,0,62,0,117,0,59,0,28,0
ecj,ec.eval,Slave.new Runnable() {...},41,0,0,0,2,0,2,0,2,0
ecj,ec.app.majority.func,Nor,55,0,0,0,11,0,4,0,4,0
ecj,ec.app.majority.func,Not,34,0,0,0,8,0,4,0,4,0
ecj,ec.app.majority.func,WW,64,0,4,0,16,0,7,0,5,0
ecj,ec.app.majority.func,EEE,64,0,4,0,16,0,7,0,5,0
ecj,ec.app.majority.func,Or,51,0,0,0,11,0,4,0,4,0
ecj,ec.app.majority.func,Nand,55,0,0,0,11,0,4,0,4,0
ecj,ec.app.majority.func,And,51,0,0,0,11,0,4,0,4,0
ecj,ec.app.majority.func,WWW,64,0,4,0,16,0,7,0,5,0
ecj,ec.app.majority.func,Xor,51,0,0,0,11,0,4,0,4,0
ecj,ec.app.majority.func,If,80,0,0,0,14,0,4,0,4,0
ecj,ec.app.majority.func,EE,64,0,4,0,16,0,7,0,5,0
ecj,ec.app.majority.func,W,64,0,4,0,16,0,7,0,5,0
ecj,ec.app.majority.func,X,64,0,4,0,16,0,7,0,5,0
ecj,ec.app.majority.func,E,64,0,4,0,16,0,7,0,5,0
ecj,ec.app.coevolve1,CompetitiveMaxOnes,259,0,34,0,44,0,21,0,4,0
ecj,ec.app.coevolve2,CoevolutionaryECSuite,317,18,36,0,50,4,21,2,3,2
ecj,ec.app.gpsemantics,Semantic,320,0,40,0,58,0,27,0,7,0
ecj,ec.app.ant,Ant,562,0,55,0,92,0,34,0,5,0
ecj,ec.app.lawnmower,LawnmowerData,15,0,0,0,5,0,2,0,2,0
ecj,ec.app.lawnmower,Lawnmower,490,0,42,0,76,0,26,0,5,0
ecj,ec.singlestate,SingleStateDefaults,8,0,0,0,2,0,2,0,2,0
ecj,ec.singlestate,SingleStateBreeder,386,0,30,0,50,0,19,0,4,0
ecj,ec.singlestate,SingleStateEvolutionState,469,0,60,0,87,0,35,0,5,0
ecj,ec.parsimony,DoubleTournamentSelection,569,0,70,0,78,0,42,0,7,0
ecj,ec.parsimony,RatioBucketTournamentSelection.new Comparator() {...},24,0,4,0,6,0,4,0,2,0
ecj,ec.parsimony,LexicographicTournamentSelection,29,0,6,0,4,0,6,0,3,0
ecj,ec.parsimony,RatioBucketTournamentSelection,381,0,32,0,59,0,24,0,8,0
ecj,ec.parsimony,ProportionalTournamentSelection,71,0,8,0,12,0,8,0,4,0
ecj,ec.parsimony,BucketTournamentSelection,382,0,34,0,57,0,24,0,7,0
ecj,ec.parsimony,BucketTournamentSelection.new Comparator() {...},24,0,4,0,6,0,4,0,2,0
ecj,ec.parsimony,TarpeianStatistics,173,0,18,0,25,0,13,0,4,0
ecj,ec.app.regression,Regression,338,0,34,0,54,0,21,0,4,0
ecj,ec.app.regression,Benchmarks,3546,0,188,0,283,0,157,0,15,0
ecj,ec.app.regression,Quintic,23,0,0,0,2,0,2,0,2,0
ecj,ec.app.regression,RegressionData,9,0,0,0,2,0,2,0,2,0
ecj,ec.app.regression,Sextic,29,0,0,0,2,0,2,0,2,0
